{"type":"Topology","arcs":[],"objects":{"MiddletonCoordinates":{"type":"GeometryCollection","geometries":[{"type":"Point","coordinates":[-89.566091,43.075183]},{"type":"Point","coordinates":[-89.565865,43.07748]},{"type":"Point","coordinates":[-89.56671,43.08166]},{"type":"Point","coordinates":[-89.576117,43.076951]},{"type":"Point","coordinates":[-89.580109,43.067551]},{"type":"Point","coordinates":[-89.573441,43.07448]},{"type":"Point","coordinates":[-89.595081,43.074597]},{"type":"Point","coordinates":[-89.592099,43.0712235]},{"type":"Point","coordinates":[-89.58973,43.07387]},{"type":"Point","coordinates":[-89.592022,43.06083]},{"type":"Point","coordinates":[-89.591801,43.058857]},{"type":"Point","coordinates":[-89.591505,43.05595]},{"type":"Point","coordinates":[-89.592358,43.050404]},{"type":"Point","coordinates":[-89.58652,43.046264]},{"type":"Point","coordinates":[-89.582597,43.039424]},{"type":"Point","coordinates":[-89.58454,43.039854]},{"type":"Point","coordinates":[-89.593853,43.037012]},{"type":"Point","coordinates":[-89.593939,43.038995]},{"type":"Point","coordinates":[-89.596126,43.041938]},{"type":"Point","coordinates":[-89.597545,43.052086]},{"type":"Point","coordinates":[-89.597129,43.055855]},{"type":"Point","coordinates":[-89.597759,43.05804]},{"type":"Point","coordinates":[-89.596098,43.056532]},{"type":"Point","coordinates":[-89.595248,43.056056]},{"type":"Point","coordinates":[-89.593065,43.054695]},{"type":"Point","coordinates":[-89.600799,43.063918]},{"type":"Point","coordinates":[-89.601101,43.064371]},{"type":"Point","coordinates":[-89.594057,43.063852]},{"type":"Point","coordinates":[-89.5857,43.065789]},{"type":"Point","coordinates":[-89.586341,43.068209]},{"type":"Point","coordinates":[-89.580326,43.066719]},{"type":"Point","coordinates":[-89.578884,43.063322]},{"type":"Point","coordinates":[-89.577801,43.064639]},{"type":"Point","coordinates":[-89.575806,43.0644]},{"type":"Point","coordinates":[-89.576095,43.063125]},{"type":"Point","coordinates":[-89.57492,43.0644]},{"type":"Point","coordinates":[-89.573675,43.065423]},{"type":"Point","coordinates":[-89.571539,43.067399]},{"type":"Point","coordinates":[-89.545596,43.103032]},{"type":"Point","coordinates":[-89.54501,43.11308]},{"type":"Point","coordinates":[-89.551094,43.114823]},{"type":"Point","coordinates":[-89.551094,43.114823]},{"type":"Point","coordinates":[-89.55223,43.10811]},{"type":"Point","coordinates":[-89.557203,43.107809]},{"type":"Point","coordinates":[-89.560236,43.108855]},{"type":"Point","coordinates":[-89.56589,43.10363]},{"type":"Point","coordinates":[-89.56412,43.1121]},{"type":"Point","coordinates":[-89.566291,43.113777]},{"type":"Point","coordinates":[-89.56728,43.112339]},{"type":"Point","coordinates":[-89.565892,43.115952]},{"type":"Point","coordinates":[-89.582155,43.112092]},{"type":"Point","coordinates":[-89.58337,43.11428]},{"type":"Point","coordinates":[-89.58724,43.11457]},{"type":"Point","coordinates":[-89.59002,43.115601]},{"type":"Point","coordinates":[-89.591923,43.115352]},{"type":"Point","coordinates":[-89.583693,43.107385]},{"type":"Point","coordinates":[-89.585417,43.108832]}]}}}